083946,30.1,56.0,73.1,26.4,26.0,26.2
083947,30.1,56.0,73.1,26.4,26.0,26.2
083948,30.1,56.0,73.1,26.4,26.0,26.2
083949,30.1,56.0,73.1,26.4,26.0,26.2
083950,30.1,56.0,73.1,26.4,26.0,26.2
083952,30.1,56.0,73.1,26.4,26.0,26.2
083953,30.1,56.0,73.1,26.4,26.0,26.2
083954,30.1,56.0,73.1,26.4,26.0,26.2
083955,30.1,56.0,73.1,26.4,26.0,26.2
083956,30.1,56.0,73.1,26.4,26.0,26.2
083957,30.1,56.0,73.1,26.4,26.0,26.2
083958,30.1,56.0,73.1,26.4,26.0,26.2
083959,30.1,56.0,73.1,26.4,26.0,26.2
084000,30.1,56.0,73.1,26.4,26.0,26.2
084001,30.1,56.0,73.1,26.4,26.0,26.2
084002,30.1,56.0,73.1,26.4,26.0,26.2
084003,30.1,56.0,73.1,26.4,26.0,26.2
084004,30.1,56.0,73.1,26.4,26.0,26.2
084005,30.1,56.0,73.1,26.4,26.0,26.2
084006,30.1,56.0,73.1,26.4,26.0,26.2
084007,30.1,56.0,73.1,26.4,26.0,26.2
084008,30.1,56.0,73.1,26.4,26.0,26.2
084009,30.1,56.0,73.1,26.4,26.0,26.2
084010,30.1,56.0,73.1,26.4,26.0,26.2
084011,30.1,56.0,73.1,26.4,26.0,26.2
084012,30.1,56.0,73.1,26.4,26.0,26.2
084013,30.1,56.0,73.1,26.4,26.0,26.2
084014,30.1,56.0,73.1,26.4,26.0,26.2
084015,30.1,56.0,73.1,26.4,26.0,26.2
084016,30.1,56.0,73.1,26.4,26.0,26.2
084017,30.1,56.0,73.1,26.4,26.0,26.2
084018,30.1,56.0,73.1,26.4,26.0,26.2
084020,30.1,56.1,73.2,26.4,26.0,26.2
084021,30.1,56.1,73.2,26.4,26.0,26.2
084022,30.1,56.1,73.2,26.4,26.0,26.2
084023,30.1,56.1,73.2,26.4,26.0,26.2
084024,30.1,56.1,73.2,26.4,26.0,26.2
084025,30.1,56.1,73.2,26.4,26.0,26.2
084026,30.1,56.1,73.2,26.4,26.0,26.2
084027,30.1,56.1,73.2,26.4,26.0,26.2
084028,30.1,56.1,73.2,26.4,26.0,26.2
084029,30.1,56.1,73.2,26.4,26.0,26.2
084030,30.1,56.1,73.2,26.4,26.0,26.2
084031,30.1,56.1,73.2,26.4,26.0,26.2
084032,30.1,56.1,73.2,26.4,26.0,26.2
084033,30.1,56.1,73.2,26.4,26.0,26.2
084034,30.1,56.1,73.2,26.4,26.0,26.2
084035,30.1,56.1,73.2,26.4,26.0,26.2
084036,30.1,56.1,73.2,26.4,26.0,26.2
084037,30.1,56.1,73.2,26.4,26.0,26.2
084038,30.1,56.1,73.2,26.4,26.0,26.2
084039,30.1,56.1,73.2,26.4,26.0,26.2
084040,30.1,56.1,73.2,26.4,26.0,26.2
084041,30.1,56.1,73.2,26.4,26.0,26.2
084042,30.1,56.1,73.2,26.4,26.0,26.2
084043,30.1,56.1,73.2,26.4,26.0,26.2
084044,30.1,56.1,73.2,26.4,26.0,26.2
084046,30.1,56.1,73.2,26.4,26.0,26.2
084047,30.1,56.1,73.2,26.4,26.0,26.2
084048,30.1,56.1,73.2,26.4,26.0,26.2
084049,30.1,56.1,73.2,26.4,26.0,26.2
084050,30.1,56.1,73.2,26.4,26.0,26.2
084051,30.1,56.1,73.2,26.4,26.0,26.2
084052,30.1,56.1,73.2,26.4,26.0,26.2
084053,30.1,56.1,73.2,26.4,26.0,26.2
084054,30.1,56.1,73.2,26.4,26.0,26.2
084055,30.1,56.1,73.2,26.4,26.0,26.2
084056,30.1,56.1,73.2,26.4,26.0,26.2
084057,30.1,56.1,73.2,26.4,26.0,26.2
084058,30.1,56.1,73.2,26.4,26.0,26.2
084059,30.1,56.1,73.2,26.4,26.0,26.2
084100,30.1,56.1,73.2,26.4,26.0,26.2
084101,30.1,56.1,73.2,26.4,26.0,26.2
084102,30.1,56.1,73.2,26.4,26.0,26.2
084103,30.1,56.1,73.2,26.4,26.0,26.2
084104,30.1,56.1,73.2,26.4,26.0,26.2
084105,30.1,56.1,73.2,26.4,26.0,26.2
084106,30.1,56.1,73.2,26.4,26.0,26.2
084107,30.1,56.1,73.2,26.4,26.0,26.2
084108,30.1,56.1,73.2,26.4,26.0,26.2
084109,30.1,56.1,73.2,26.4,26.0,26.2
084110,30.1,56.1,73.2,26.4,26.0,26.2
084111,30.1,56.1,73.2,26.4,26.0,26.2
084112,30.1,56.1,73.2,26.4,26.0,26.2
084114,30.1,56.1,73.2,26.4,26.0,26.2
084115,30.1,56.1,73.2,26.4,26.0,26.2
084116,30.1,56.1,73.2,26.4,26.0,26.2
084117,30.1,56.1,73.2,26.4,26.0,26.2
084118,30.1,56.1,73.2,26.4,26.0,26.2
084119,30.1,56.1,73.2,26.4,26.0,26.2
084120,30.1,56.1,73.2,26.4,26.0,26.2
084121,30.1,56.1,73.2,26.4,26.0,26.2
084122,30.1,56.1,73.2,26.4,26.0,26.2
084123,30.1,56.1,73.2,26.4,26.0,26.2
084124,30.1,56.1,73.2,26.4,26.0,26.2
084125,30.1,56.1,73.2,26.4,26.0,26.2
084126,30.1,56.1,73.3,26.4,26.0,26.2
084127,30.1,56.1,73.3,26.4,26.0,26.2
084128,30.1,56.1,73.3,26.4,26.0,26.2
084129,30.1,56.1,73.3,26.4,26.0,26.2
084130,30.1,56.1,73.3,26.4,26.0,26.2
084131,30.1,56.1,73.3,26.4,26.0,26.2
084132,30.1,56.1,73.3,26.4,26.0,26.2
084133,30.1,56.1,73.3,26.4,26.0,26.2
084134,30.1,56.1,73.3,26.4,26.0,26.2
084135,30.1,56.1,73.3,26.4,26.0,26.2
084136,30.1,56.1,73.3,26.4,26.0,26.2
084137,30.1,56.1,73.3,26.4,26.0,26.2
084138,30.1,56.1,73.3,26.4,26.0,26.2
084139,30.1,56.1,73.3,26.4,26.0,26.2
084141,30.1,56.1,73.3,26.4,26.0,26.2
084142,30.1,56.1,73.3,26.4,26.0,26.2
084143,30.1,56.1,73.3,26.4,26.0,26.2
084144,30.1,56.1,73.3,26.4,26.0,26.2
084145,30.1,56.1,73.3,26.4,26.0,26.2
084146,30.1,56.1,73.3,26.4,26.0,26.2
084147,30.1,56.1,73.3,26.4,26.0,26.2
084148,30.1,56.1,73.3,26.4,26.0,26.2
084149,30.1,56.1,73.3,26.4,26.0,26.2
084150,30.1,56.1,73.3,26.4,26.0,26.2
084151,30.1,56.1,73.3,26.4,26.0,26.2
084152,30.1,56.1,73.3,26.4,26.0,26.2
084153,30.1,56.1,73.3,26.4,26.0,26.2
084154,30.1,56.1,73.3,26.4,26.0,26.2
084155,30.1,56.1,73.3,26.4,26.0,26.2
084156,30.1,56.1,73.3,26.4,26.0,26.2
084157,30.1,56.1,73.3,26.4,26.0,26.2
084158,30.1,56.1,73.3,26.4,26.0,26.2
084159,30.2,56.1,73.4,26.4,26.0,26.2
084200,30.2,56.1,73.4,26.4,26.0,26.2
084201,30.2,56.1,73.4,26.4,26.0,26.2
084202,30.2,56.1,73.4,26.4,26.0,26.2
084203,30.2,56.1,73.4,26.4,26.0,26.2
084204,30.2,56.1,73.4,26.4,26.0,26.2
084205,30.2,56.1,73.4,26.4,26.0,26.2
084206,30.2,56.1,73.4,26.4,26.0,26.2
084207,30.2,56.1,73.4,26.4,26.0,26.2
084209,30.2,56.1,73.4,26.4,26.0,26.2
084210,30.2,56.1,73.4,26.4,26.0,26.2
084211,30.2,56.1,73.4,26.4,26.0,26.2
084212,30.2,56.1,73.4,26.4,26.0,26.2
084213,30.2,56.1,73.4,26.4,26.0,26.2
084214,30.2,56.1,73.4,26.4,26.0,26.2
084215,30.2,56.1,73.4,26.4,26.0,26.2
084216,30.2,56.1,73.4,26.4,26.0,26.2
084217,30.2,56.1,73.4,26.4,26.0,26.2
084218,30.2,56.1,73.4,26.4,26.0,26.2
084219,30.2,56.1,73.4,26.4,26.0,26.2
084220,30.2,56.1,73.4,26.4,26.0,26.2
084221,30.2,56.1,73.4,26.4,26.0,26.2
084222,30.2,56.1,73.4,26.4,26.0,26.2
084223,30.2,56.1,73.4,26.4,26.0,26.2
084224,30.2,56.1,73.4,26.4,26.0,26.2
084225,30.2,56.1,73.4,26.4,26.0,26.2
084226,30.2,56.1,73.4,26.4,26.0,26.2
084227,30.2,56.1,73.4,26.4,26.0,26.2
084228,30.2,56.1,73.4,26.4,26.0,26.2
084229,30.2,56.1,73.4,26.4,26.0,26.2
084230,30.2,56.1,73.4,26.4,26.0,26.2
084231,30.2,56.1,73.4,26.4,26.0,26.2
084232,30.2,56.1,73.4,26.4,26.0,26.2
084233,30.2,56.1,73.4,26.4,26.0,26.2
084234,30.2,56.1,73.4,26.4,26.0,26.2
084235,30.2,56.1,73.4,26.4,26.0,26.2
084237,30.2,56.1,73.4,26.4,26.0,26.2
084238,30.2,56.1,73.4,26.4,26.0,26.2
084239,30.2,56.1,73.4,26.4,26.0,26.2
084240,30.2,56.1,73.4,26.4,26.0,26.2
084241,30.2,56.1,73.4,26.4,26.0,26.2
084242,30.2,56.1,73.4,26.4,26.0,26.2
084243,30.2,56.1,73.4,26.4,26.0,26.2
084244,30.2,56.1,73.4,26.4,26.0,26.2
084245,30.2,56.1,73.4,26.4,26.0,26.2
084246,30.2,56.1,73.4,26.4,26.0,26.2
084247,30.2,56.1,73.4,26.4,26.0,26.2
084248,30.2,56.1,73.4,26.4,26.0,26.2
084249,30.2,56.1,73.4,26.4,26.0,26.2
084250,30.2,56.1,73.4,26.4,26.0,26.2
084251,30.2,56.1,73.4,26.4,26.0,26.2
084252,30.2,56.1,73.4,26.4,26.0,26.2
084253,30.2,56.1,73.4,26.4,26.0,26.2
084254,30.2,56.1,73.4,26.4,26.0,26.2
084255,30.2,56.1,73.4,26.4,26.0,26.2
084256,30.2,56.1,73.4,26.4,26.0,26.2
084257,30.2,56.1,73.4,26.4,26.0,26.2
084258,30.2,56.1,73.4,26.4,26.0,26.2
084259,30.2,56.1,73.4,26.4,26.0,26.2
084300,30.2,56.1,73.4,26.4,26.0,26.2
084301,30.2,56.1,73.4,26.4,26.0,26.2
084302,30.2,56.1,73.4,26.4,26.0,26.2
084304,30.2,56.1,73.4,26.4,26.0,26.2
084305,30.2,56.1,73.4,26.4,26.0,26.2
084306,30.2,56.0,73.5,26.4,26.0,26.2
084307,30.2,56.0,73.5,26.4,26.0,26.2
084308,30.2,56.0,73.5,26.4,26.0,26.2
084309,30.2,56.0,73.5,26.4,26.0,26.2
084310,30.2,56.0,73.5,26.4,26.0,26.2
084311,30.2,56.0,73.5,26.4,26.0,26.2
084312,30.2,56.0,73.5,26.4,26.0,26.2
084313,30.2,56.0,73.5,26.4,26.0,26.2
084314,30.2,56.0,73.5,26.4,26.0,26.2
084315,30.2,56.0,73.5,26.4,26.0,26.2
084316,30.2,56.0,73.5,26.4,26.0,26.2
084317,30.2,56.0,73.5,26.4,26.0,26.2
084318,30.2,56.0,73.5,26.4,26.0,26.2
084319,30.2,56.0,73.5,26.4,26.0,26.2
084320,30.2,56.0,73.5,26.4,26.0,26.2
084321,30.2,56.0,73.5,26.4,26.0,26.2
084322,30.2,56.0,73.5,26.4,26.0,26.2
084323,30.2,56.0,73.5,26.4,26.0,26.2
084324,30.2,56.0,73.5,26.4,26.0,26.2
084325,30.2,56.0,73.5,26.4,26.0,26.2
084326,30.2,56.0,73.5,26.4,26.0,26.2
084327,30.2,56.0,73.5,26.4,26.0,26.2
084328,30.2,56.0,73.5,26.4,26.0,26.2
084329,30.2,56.0,73.5,26.4,26.0,26.2
084330,30.2,56.0,73.5,26.4,26.0,26.2
084332,30.2,56.0,73.5,26.4,26.0,26.2
084333,30.2,56.0,73.5,26.4,26.0,26.2
084334,30.2,56.0,73.5,26.4,26.0,26.2
084335,30.2,56.0,73.5,26.4,26.0,26.2
084336,30.2,56.0,73.5,26.4,26.0,26.2
084337,30.2,56.0,73.5,26.4,26.0,26.2
084338,30.2,56.0,73.5,26.4,26.0,26.2
084339,30.2,56.0,73.5,26.4,26.0,26.2
084340,30.2,56.0,73.5,26.4,26.0,26.2
084341,30.2,56.0,73.5,26.4,26.0,26.2
084342,30.2,56.0,73.5,26.4,26.0,26.2
084343,30.2,56.0,73.5,26.4,26.0,26.2
084344,30.2,56.0,73.5,26.4,26.0,26.2
084345,30.2,56.0,73.5,26.4,26.0,26.2
084346,30.2,56.0,73.5,26.4,26.0,26.2
084347,30.2,56.0,73.5,26.4,26.0,26.2
084348,30.2,56.0,73.5,26.4,26.0,26.2
084349,30.2,56.0,73.5,26.4,26.0,26.2
084350,30.2,56.0,73.5,26.4,26.0,26.2
084351,30.2,56.0,73.5,26.4,26.0,26.2
084352,30.2,56.0,73.5,26.4,26.0,26.2
084353,30.2,56.0,73.5,26.4,26.0,26.2
084354,30.2,56.0,73.5,26.4,26.0,26.2
084355,30.2,56.0,73.5,26.4,26.0,26.2
084356,30.2,56.0,73.5,26.4,26.0,26.2
084357,30.2,56.0,73.5,26.4,26.0,26.2
084359,30.2,56.0,73.5,26.4,26.0,26.2
084400,30.2,56.0,73.5,26.4,26.0,26.2
084401,30.2,56.0,73.5,26.4,26.0,26.2
084402,30.2,56.0,73.5,26.4,26.0,26.2
084403,30.2,56.0,73.5,26.4,26.0,26.2
084404,30.2,56.0,73.5,26.4,26.0,26.2
084405,30.2,56.0,73.5,26.4,26.0,26.2
084406,30.2,56.0,73.5,26.4,26.0,26.2
084407,30.2,56.0,73.5,26.4,26.0,26.2
084408,30.2,56.0,73.5,26.4,26.0,26.2
084409,30.2,56.0,73.5,26.4,26.0,26.2
084410,30.2,56.0,73.5,26.4,26.0,26.2
084411,30.2,56.0,73.5,26.4,26.0,26.2
084412,30.2,55.9,73.5,26.4,26.0,26.2
084413,30.2,55.9,73.5,26.4,26.0,26.2
084414,30.2,55.9,73.5,26.4,26.0,26.2
084415,30.2,55.9,73.5,26.4,26.0,26.2
084416,30.2,55.9,73.5,26.4,26.0,26.2
084417,30.2,55.9,73.5,26.4,26.0,26.2
084418,30.2,55.9,73.5,26.4,26.0,26.2
084419,30.2,55.9,73.5,26.4,26.0,26.2
084420,30.2,55.9,73.5,26.4,26.0,26.2
084421,30.2,55.9,73.5,26.4,26.0,26.2
084422,30.2,55.9,73.5,26.4,26.0,26.2
084423,30.2,55.9,73.5,26.4,26.0,26.2
084425,30.2,55.9,73.5,26.4,26.0,26.2
084426,30.2,55.9,73.5,26.4,26.0,26.2
084427,30.2,55.9,73.5,26.4,26.0,26.2
084428,30.2,55.9,73.5,26.4,26.0,26.2
084429,30.2,55.9,73.5,26.4,26.0,26.2
084430,30.2,55.9,73.5,26.4,26.0,26.2
084431,30.2,55.9,73.5,26.4,26.0,26.2
084432,30.2,55.9,73.5,26.4,26.0,26.2
084433,30.2,55.9,73.5,26.4,26.0,26.2
084434,30.2,55.9,73.5,26.4,26.0,26.2
084435,30.2,55.9,73.5,26.4,26.0,26.2
084436,30.2,55.9,73.5,26.4,26.0,26.2
084437,30.2,55.9,73.5,26.4,26.0,26.2
084438,30.2,55.9,73.5,26.4,26.0,26.2
084439,30.2,55.9,73.5,26.4,26.0,26.2
084440,30.2,55.9,73.5,26.4,26.0,26.2
084441,30.2,55.9,73.5,26.4,26.0,26.2
084442,30.2,55.9,73.5,26.4,26.0,26.2
084443,30.2,55.9,73.5,26.4,26.0,26.2
084444,30.2,55.9,73.5,26.4,26.0,26.2
084445,30.2,55.9,73.4,26.4,26.0,26.2
084446,30.2,55.9,73.4,26.4,26.0,26.2
084447,30.2,55.9,73.4,26.4,26.0,26.2
084448,30.2,55.9,73.4,26.4,26.0,26.2
084449,30.2,55.9,73.4,26.4,26.0,26.2
084450,30.2,55.9,73.4,26.4,26.0,26.2
084451,30.2,55.9,73.4,26.4,26.0,26.2
084453,30.2,55.9,73.4,26.4,26.0,26.2
084454,30.2,55.9,73.4,26.4,26.0,26.2
084455,30.2,55.9,73.4,26.4,26.0,26.2
084456,30.2,55.9,73.4,26.4,26.0,26.2
084457,30.2,55.9,73.4,26.4,26.0,26.2
084458,30.2,55.9,73.4,26.4,26.0,26.2
084459,30.2,55.9,73.4,26.4,26.0,26.2
084500,30.2,55.9,73.4,26.4,26.0,26.2
084501,30.2,55.9,73.4,26.4,26.0,26.2
084502,30.2,55.9,73.4,26.4,26.0,26.2
084503,30.2,55.9,73.4,26.4,26.0,26.2
084504,30.2,55.9,73.4,26.4,26.0,26.2
084505,30.2,55.9,73.4,26.4,26.0,26.2
084506,30.2,55.9,73.4,26.4,26.0,26.2
084507,30.2,55.9,73.4,26.4,26.0,26.2
084508,30.2,55.9,73.4,26.4,26.0,26.2
084509,30.2,55.9,73.4,26.4,26.0,26.2
084510,30.2,55.9,73.4,26.4,26.0,26.2
084511,30.2,55.9,73.4,26.4,26.0,26.2
084512,30.2,55.9,73.4,26.4,26.0,26.2
084513,30.2,55.9,73.4,26.4,26.0,26.2
084514,30.2,55.9,73.4,26.4,26.0,26.2
084515,30.2,55.9,73.4,26.4,26.0,26.2
084516,30.2,55.9,73.4,26.4,26.0,26.2
084517,30.2,55.9,73.4,26.4,26.0,26.2
084518,30.2,55.9,73.4,26.4,26.0,26.2
084519,30.2,55.9,73.4,26.4,26.0,26.2
084521,30.2,55.9,73.4,26.4,26.0,26.2
084522,30.2,55.9,73.4,26.4,26.0,26.2
084523,30.2,55.9,73.4,26.4,26.0,26.2
084524,30.2,55.9,73.4,26.4,26.0,26.2
084525,30.2,55.9,73.4,26.4,26.0,26.2
084526,30.2,55.9,73.4,26.4,26.0,26.2
084527,30.2,55.9,73.4,26.4,26.0,26.2
084528,30.2,55.9,73.4,26.4,26.0,26.2
084529,30.2,55.9,73.4,26.4,26.0,26.2
084530,30.2,55.9,73.4,26.4,26.0,26.2
084531,30.2,55.9,73.4,26.4,26.0,26.2
084532,30.2,55.9,73.4,26.4,26.0,26.2
084533,30.2,55.9,73.4,26.4,26.0,26.2
084534,30.2,55.9,73.4,26.4,26.0,26.2
084535,30.2,55.9,73.4,26.4,26.0,26.2
084536,30.2,55.9,73.4,26.4,26.0,26.2
084537,30.2,55.9,73.4,26.4,26.0,26.2
084538,30.2,55.9,73.4,26.4,26.0,26.2
084539,30.2,55.9,73.4,26.4,26.0,26.2
084540,30.2,55.9,73.4,26.4,26.0,26.2
084541,30.2,55.9,73.4,26.4,26.0,26.2
084542,30.2,55.9,73.4,26.4,26.0,26.2
084543,30.2,55.9,73.4,2626.4,26.0,26.2
084545,30.2,55.9,73.4,26.4,26.0,26.2
084546,30.2,55.9,73.4,26.4,26.0,26.2
084547,30.2,55.9,73.4,26.4,26.0,26.2
084549,30.2,55.8,73.2,26.4,26.0,26.2
084552,30.2,55.8,73.2,26.4,26.0,26.2
084553,30.2,55.8,73.2,26.4,26.0,26.2
084554,30.2,55.8,73.2,26.4,26.0,26.2
084556,30.2,55.8,73.2,26.4,26.0,26.2
084557,30.3,55.9,73.3,26.4,26.0,26.2
084559,30.4,55.9,73.5,26.4,26.0,26.2
084601,30.4,55.9,73.5,26.4,26.0,26.2
084602,30.4,55.9,73.5,26.4,26.0,26.2
084603,30.4,55.0,73.7,26.4,26.0,26.2
084604,30.7,56.0,73.7,26.4,26.0,26.2
084605,30.7,56.0,73.7,26.4,26.0,26.2
084607,30.7,56.0,73.7,26.4,26.0,26.2
084608,30.7,56.0,73.7,26.4,26.0,26.2
084610,30.9,56.2,73.8,26.4,26.0,26.2
084612,30.9,56.2,73.8,26.4,26.0,26.2
084613,30.9,56.2,73.8,26.4,26.0,26.2
084614,30.9,56.2,73.8,26.4,26.0,26.2
084617,30.5,57.1,74.1,26.4,26.0,26.2
084618,30.5,57.1,74.1,26.4,26.0,26.2
084620,30.5,57.1,74.1,26.4,26.0,26.2
084622,31.5,57.9,74.2,26.4,26.0,26.2
084624,31.5,57.9,74.2,26.4,26.0,26.2
084625,31.5,57.9,74.2,26.4,26.0,26.2
084628,29.2,55.5,71.7,26.4,26.0,26.2
084630,28.8,54.9,71.5,26.4,26.0,26.2
084631,28.8,54.9,71.5,26.4,26.0,26.2
084633,28.8,54.9,71.5,26.4,26.0,26.2
084635,28.8,54.9,71.5,26.4,26.0,26.2
084637,28.4,53.1,71.3,26.4,26.0,26.2
084639,28.4,53.1,71.3,26.4,26.0,26.2
084640,28.4,53.1,71.3,26.4,20.0,26.2
084641,28.4,52.5,71.2,26.4,26.0,26.2
084642,28.4,52.5,71.2,26.4,26.0,26.2
084644,28.4,52.5,71.2,26.4,26.0,26.2
084645,28.4,52.5,71.2,26.4,26.0,26.2
084647,28.6,52.3,71.1,26.4,26.0,26.2
084648,28.6,52.3,71.1,26.4,26.0,26.2
084650,28.6,52.3,71.1,26.4,26.0,26.2
084652,28.7,52.5,70.9,26.4,26.0,26.2
084653,28.7,52.5,70.9,26.4,26.0,26.2
084655,28.7,52.5,70.9,26.4,26.0,26.2
084657,28.7,53.0,70.7,26.4,26.0,26.2
084658,28.7,53.0,70.7,26.4,26.0,26.2
084700,28.7,53.0,70.7,26.4,26.0,26.2
084701,28.7,53.0,70.7,26.4,26.0,26.2
084703,28.8,53.4,70.7,26.4,26.0,26.2
084704,28.8,53.4,70.7,26.4,26.0,26.2
084706,28.8,53.4,70.7,26.4,26.0,26.2
084707,28.8,53.4,70.7,26.4,26.0,26.2
084709,28.9,53.7,70.7,26.4,26.0,26.2
084710,28.9,53.7,70.7,26.4,26.0,26.2
084711,28.9,53.7,70.7,26.4,26.0,26.2
084713,28.9,53.7,70.7,26.4,26.0,26.2
084716,29.0,54.1,70.7,26.4,26.0,26.2
084718,29.1,54.2,70.7,26.4,26.0,26.2
084720,29.1,54.3,70.7,26.4,26.0,26.2
084721,29.1,54.3,70.7,26.4,26.0,26.2
084723,29.1,54.3,70.7,26.4,26.0,26.2
084725,29.1,54.5,70.8,26.4,26.0,26.2
084727,29.1,54.5,70.8,26.4,26.0,26.2
084728,29.1,54.5,70.8,26.4,26.0,26.2
084729,29.1,54.5,70.8,26.4,26.0,26.2
084731,29.1,54.7,70.9,26.4,26.1,26.2
084734,29.2,54.7,70.9,26.4,26.0,26.2
084735,29.2,54.7,70.9,26.4,26.0,26.2
084738,29.1,54.7,70.9,26.4,26.0,26.2
084739,29.1,54.7,70.9,26.4,26.0,26.2
084740,29.1,54.7,70.9,26.4,26.0,26.2
084743,29.1,54.7,70.9,26.5,26.0,26.2
084744,29.1,54.7,70.9,26.5,26.0,26.2
084745,29.1,54.7,70.9,26.5,26.0,26.2
084747,29.0,54.7,71.0,26.4,26.1,26.2
084748,29.0,54.7,71.0,26.4,26.1,26.2
084751,29.0,54.6,70.9,26.4,26.0,26.2
084752,29.0,54.6,70.9,26.4,26.0,26.2
084754,29.0,54.5,71.0,26.4,26.1,26.2
084755,29.0,54.5,71.0,26.4,26.1,26.2
084757,29.0,54.5,71.0,26.4,26.1,26.2
084758,29.0,54.5,71.0,26.4,26.1,26.2
084802,28.9,54.7,70.9,26.5,26.1,26.2
084804,28.8,54.6,70.9,26.4,26.0,26.2
084806,28.8,54.6,70.9,26.4,26.0,26.2
084807,28.8,54.6,70.9,26.4,26.0,26.2
084810,28.7,54.4,70.9,26.4,26.0,26.2
084811,28.7,54.4,70.9,26.4,26.0,26.2
084812,28.7,54.4,70.9,26.4,26.0,26.2
084815,28.7,54.2,70.9,26.4,26.0,26.2
084817,28.7,54.2,70.9,26.4,26.0,26.2
084818,28.7,54.2,80.0,26.5,26.1,26.2
084820,28.6,54.1,70.8,26.5,26.1,26.2
084822,28.6,54.0,70.8,26.5,26.0,26.2
084823,28.6,54.0,70.8,26.5,26.0,26.2
084826,28.6,53.9,70.8,26.5,26.1,26.2
084827,28.6,53.9,70.8,26.5,26.1,26.2
084828,28.6,53.0,70.8,26.4,26.0,26.2
084829,28.5,53.8,70.8,26.4,26.0,26.2
084831,28.5,53.8,70.8,26.4,26.0,26.2
084832,28.5,53.8,70.0,26.5,26.0,26.2
084833,28.5,53.8,70.8,26.5,26.0,26.2
084834,28.5,53.8,70.8,26.5,26.0,26.2
084836,28.5,53.8,70.8,26.5,26.0,26.2
084838,28.5,53.7,70.9,26.4,26.1,26.2
084839,28.5,53.7,70.9,26.4,26.1,26.2
084842,28.5,53.7,70.9,26.4,26.1,26.2
084844,28.6,53.7,70.9,26.4,26.1,26.2
084846,28.6,53.7,70.9,26.4,26.1,26.2
084847,28.6,53.7,70.9,26.4,26.1,20.0
084848,28.6,53.7,70.9,26.5,26.1,26.2
084849,28.6,53.7,70.9,26.5,26.1,26.2
084851,28.6,53.7,70.9,26.5,26.1,26.2
084852,28.6,53.7,70.9,26.5,26.1,26.2
084855,28.6,53.7,70.9,26.4,26.1,26.2
084856,28.6,53.7,70.9,26.4,26.1,26.2
084857,28.6,53.7,70.9,26.4,26.1,26.2
084900,28.5,53.7,70.9,26.5,26.1,26.2
084902,28.5,53.8,70.9,26.4,26.1,26.2
084904,28.5,53.8,70.9,26.4,26.1,26.2
084906,28.5,53.9,70.9,26.4,26.1,26.2
084907,28.5,53.9,70.9,26.4,26.1,26.2
084910,28.6,53.9,71.0,26.5,26.1,26.2
084911,28.6,53.9,71.0,26.5,26.1,26.2
084912,28.6,53.9,71.0,26.5,26.1,26.2
084915,28.6,54.0,71.0,26.5,26.1,26.2
084918,28.6,54.0,71.0,26.4,26.1,26.2
084920,28.6,54.2,71.1,26.5,26.1,26.2
084921,28.6,54.2,71.1,26.5,26.1,26.2
084923,28.6,54.2,71.1,26.5,26.1,26.2
084924,28.6,54.2,71.1,26.5,26.1,26.2
084926,28.5,54.3,71.1,26.4,26.0,26.2
084928,28.5,54.3,71.1,26.4,26.0,26.2
084930,28.5,54.3,71.1,26.4,26.0,26.0
084931,28.5,54.2,71.1,26.5,26.1,26.2
084933,28.5,54.2,71.1,26.5,26.1,26.2
084935,28.5,54.2,71.1,26.5,26.1,26.2
084936,28.5,54.2,71.1,26.5,26.1,26.2
084938,28.5,54.0,71.1,26.5,26.1,26.2
084940,28.5,54.0,71.1,26.5,26.1,26.2
084941,28.5,54.0,71.1,26.5,26.1,26.2
084944,28.5,53.9,71.2,26.5,26.1,26.2
084945,28.5,53.9,71.2,26.5,26.1,26.2
084946,28.5,53.9,71.2,26.5,26.1,26.2
084950,28.5,53.9,71.2,26.5,26.1,26.2
084952,28.5,53.9,71.2,26.5,26.1,26.2
084954,28.5,53.9,71.1,26.5,26.1,26.2
084957,28.5,53.9,71.1,26.5,26.1,26.2
084959,28.5,53.9,71.1,26.5,26.1,26.2
085001,28.5,53.9,71.1,26.5,26.1,26.2
085002,28.5,53.9,71.1,26.5,26.1,26.2
085004,28.5,53.9,71.1,26.5,26.1,26.2
085005,28.5,53.9,71.1,26.5,26.1,26.2
085006,28.5,90.0,71.1,26.5,26.0,26.2
085007,28.5,53.9,71.1,26.5,26.0,26.2
085009,28.5,53.9,71.1,26.5,26.0,26.2
085012,28.5,53.8,71.1,26.5,26.1,26.2
085013,28.5,53.8,71.1,26.5,26.1,26.2
085014,28.5,53.8,71.1,26.5,26.1,26.2
085017,28.5,53.6,71.1,26.5,26.1,26.2
085018,28.5,53.6,71.1,26.5,26.1,26.2
085020,28.5,53.6,71.1,26.5,26.1,26.2
085021,28.5,53.6,71.1,26.5,26.1,26.2
085023,28.4,53.4,71.1,26.5,26.1,26.3
085024,28.4,53.4,71.1,26.5,26.1,26.3
085026,28.4,53.5,71.1,26.4,26.1,26.2
085028,28.4,53.5,71.1,26.4,26.1,26.2
085029,28.4,53.5,71.1,26.4,26.1,26.2
085030,28.4,53.5,71.1,26.4,26.1,26.2
085032,28.4,53.6,71.0,26.5,26.1,26.2
085033,28.4,53.6,71.0,26.5,26.1,26.2
085035,28.4,53.7,71.0,26.4,26.1,26.2
085037,28.4,53.6,70.9,26.5,26.1,26.2
085038,28.4,53.6,70.9,26.5,26.1,26.2
085039,28.4,53.6,70.9,26.5,260.0,26.2
085040,28.3,53.6,70.9,26.5,26.0,26.2
085044,28.3,53.6,70.9,26.5,26.0,26.2
085045,28.3,53.6,70.9,26.5,20.0,26.2
085046,28.3,53.5,70.8,26.5,26.1,26.2
085048,28.3,53.5,70.8,26.5,26.1,26.2
085049,28.3,53.5,70.8,26.5,26.1,26.2
085050,28.3,53.5,70.8,26.5,26.1,26.2
085053,28.3,53.7,70.8,26.5,26.1,26.2
085054,28.3,53.7,70.8,26.5,26.1,26.2
085057,28.3,53.7,70.8,26.5,26.1,26.3
085059,28.3,53.7,70.8,26.5,26.0,26.3
085100,28.3,53.7,70.8,26.5,26.0,26.3
085102,28.3,53.6,70.8,26.5,26.1,26.2
085103,28.3,53.6,70.8,26.5,26.1,26.2
085104,28.3,53.6,70.8,26.5,0.0,26.2
085105,28.4,53.6,70.8,26.5,26.0,26.2
085107,28.4,53.6,70.8,26.5,26.0,26.2
085108,28.4,53.6,70.8,26.5,26.0,26.2
085109,28.4,53.6,70.8,26.5,26.0,26.2
085113,28.4,53.6,70.8,26.5,26.1,26.3
085114,28.4,53.6,70.8,26.5,26.1,26.3
085116,28.4,53.6,70.8,26.5,26.1,26.2
085118,28.4,53.6,70.8,26.5,26.1,26.2
085119,28.4,53.6,70.8,26.5,26.1,26.2
085120,28.4,53.6,70.8,26.5,26.1,26.2
085122,28.4,53.6,70.9,26.4,26.1,26.2
085123,28.4,53.6,70.9,26.4,26.1,26.2
085125,28.4,53.6,70.9,26.4,26.1,26.2
085126,28.4,550.0,70.8,26.5,26.1,26.2
085127,28.3,53.5,70.8,26.5,26.1,26.2
085128,28.3,53.5,70.8,26.5,26.1,26.2
085130,28.3,53.5,70.8,26.5,26.1,26.2
085131,28.3,53.5,70.8,26.5,26.1,26.2
085133,28.4,53.5,70.8,26.5,26.1,26.2
085135,28.4,53.5,70.8,26.5,26.1,26.2
085137,28.4,53.5,70.8,26.5,26.1,26.2
085140,28.3,53.5,70.8,26.5,26.1,26.2
085142,28.4,53.6,70.8,26.5,26.0,26.3
085143,28.4,53.6,70.8,26.5,26.0,26.3
085145,28.4,53.7,70.8,26.4,26.1,26.3
085147,28.4,53.7,70.8,26.4,26.1,26.3
085150,28.4,53.8,70.9,26.5,26.0,26.2
085151,28.4,53.8,70.9,26.5,26.0,26.2
085152,28.4,53.8,70.9,26.5,26.0,26.2
085154,8.4,53.8,70.9,26.5,26.1,26.2
085155,28.4,53.8,70.9,26.5,26.1,26.2
085157,28.4,53.8,70.9,26.5,26.1,26.2
085159,28.4,53.8,70.9,26.5,26.1,26.2
085200,28.4,53.8,70.9,26.5,26.1,26.2
085202,28.3,54.2,70.9,26.5,26.1,26.2
085203,28.3,54.2,70.9,26.5,26.1,26.2
085204,28.3,54.2,70.9,26.5,26.1,26.2
085208,28.2,54.3,70.9,26.5,26.1,26.2
085211,28.2,54.2,70.9,26.5,26.1,26.2
085212,28.2,54.2,70.9,26.5,26.1,26.2
085213,28.2,54.2,70.9,26.5,26.1,26.2
085216,28.3,53.8,70.9,26.5,26.0,26.2
085218,28.3,53.9,70.9,26.5,26.1,26.2
085219,28.3,570.0,70.9,26.5,26.0,26.3
085220,28.3,53.7,70.9,26.5,26.0,26.3
085223,28.3,53.7,70.9,26.5,0.1,26.3
085224,28.4,53.7,71.0,26.5,26.1,26.3
085225,28.4,53.7,71.0,26.5,26.1,26.3
085227,28.4,53.8,70.9,26.5,26.1,26.3
085229,28.4,53.8,70.9,26.5,26.1,26.3
085230,28.4,53.8,70.9,26.5,26.1,26.3
085232,28.4,54.0,70.9,26.4,26.0,26.2
085233,28.4,54.0,70.9,26.4,26.0,26.2
085235,28.4,54.0,70.9,26.4,26.0,26.2
085238,28.4,54.1,70.9,26.5,26.0,26.3
085240,28.4,54.0,70.9,26.4,26.0,26.2
085242,28.4,54.0,70.9,26.5,26.0,2626.3
085243,28.4,53.9,70.9,26.5,26.1,26.3
085244,28.4,53.9,70.9,26.5,26.1,26.3
085246,28.4,53.9,70.9,26.5,26.1,26.3
085247,28.4,53.9,70.9,26.5,26.1,26.3
085249,28.3,53.8,70.8,26.5,26.1,26.3
085251,28.3,53.8,70.8,26.5,26.1,26.3
085252,28.3,53.8,70.8,26.5,26.1,26.3
085254,28.3,54.0,70.8,26.5,26.1,26.3
085255,28.3,54.0,70.8,26.5,26.1,26.3
085257,28.3,54.0,70.8,26.5,26.1,26.3
085259,28.3,53.9,70.7,26.5,26.0,26.3
085301,28.3,53.9,70.8,26.4,26.0,26.3
085305,28.3,53.8,70.7,26.5,26.0,26.3
085306,28.3,53.8,70.7,26.5,26.0,26.3
085308,28.3,53.8,70.7,26.5,26.0,26.3
085311,28.3,53.6,70.7,26.5,26.0,26.3
085312,28.3,53.6,70.7,26.5,26.0,26.3
085313,28.3,53.6,70.7,26.5,26.0,26.3
085315,28.3,53.6,70.7,26.4,26.0,26.3
085316,28.3,53.6,70.7,26.4,26.0,26.3
085319,28.4,53.5,70.7,26.4,26.1,26.3
085322,28.4,53.6,70.7,26.5,26.0,26.2
085324,28.4,53.6,70.7,26.5,26.0,26.2
085325,28.4,53.6,70.7,26.5,26.0,26.2
085331,28.4,53.0,70.7,26.4,26.0,26.3
085333,28.4,53.0,70.7,26.4,26.0,26.3
085334,28.4,53.0,70.7,26.4,26.0,26.3
085336,28.5,53.1,70.7,26.5,26.0,26.3
085338,28.5,53.1,70.7,26.5,26.0,26.3
085339,28.5,53.1,70.7,26.5,26.0,26.3
085340,28.5,53.1,70.7,0.5,26.0,26.3
085342,28.5,53.4,70.7,26.5,26.0,26.3
085343,28.5,53.4,70.7,26.5,26.0,26.3
085344,28.5,53.4,70.7,26.5,26.0,26.3
085348,28.5,53.7,70.6,26.5,26.0,26.3
085350,28.6,53.8,70.6,26.4,26.0,26.2
085351,28.6,53.8,70.6,26.4,26.0,26.2
085354,28.6,53.8,70.6,26.4,26.0,26.3
085355,28.6,53.8,70.6,26.4,26.0,0.3
085357,28.6,53.9,70.5,26.4,26.0,26.3
085359,28.6,53.9,70.5,26.4,26.0,26.3
085401,28.5,54.0,70.5,26.5,26.0,26.3
085402,28.5,54.0,70.5,26.5,26.0,26.3
085406,28.5,54.1,70.5,26.5,26.0,26.3
085407,28.5,54.1,70.5,26.5,26.0,26.3
085409,28.4,54.6,70.5,26.4,26.0,26.3
085410,28.4,54.6,70.5,26.4,26.0,26.3
085413,28.4,54.7,70.5,26.5,26.0,26.3
085415,28.5,54.4,70.5,26.5,26.0,26.3
085417,28.5,54.0,70.5,26.5,26.0,26.3
085418,28.5,54.0,70.5,26.5,26.0,26.3
085419,28.5,54.0,70.5,26.5,26.0,26.3
085422,28.5,53.8,70.6,26.5,26.0,26.3
085423,28.5,53.8,70.6,26.5,26.0,26.3
085424,28.5,53.8,70.6,26.5,26.0,26.3
085427,28.4,53.8,70.6,26.5,26.1,26.3
085428,28.4,53.8,70.6,26.5,26.1,26.3
085432,28.4,53.8,70.6,26.4,26.0,26.3
085433,28.4,53.8,70.6,26.4,26.0,26.3
085435,28.4,53.8,70.6,26.5,26.1,26.3
085438,28.5,53.9,70.6,26.5,26.0,26.3
085442,28.4,53.8,70.6,26.5,26.0,26.3
085443,28.4,53.8,70.6,26.5,26.0,26.3
085444,28.4,53.8,70.6,26.5,26.0,26.3
085446,28.5,53.8,70.5,26.5,26.0,26.3
085448,28.5,53.8,70.5,26.5,26.0,26.3
085450,28.5,530.0,70.5,26.5,26.0,26.3
085451,28.5,53.7,70.5,26.5,26.0,26.3
085453,28.5,53.7,70.5,26.5,26.0,26.3
085454,28.5,53.7,70.5,26.5,26.0,26.3
085455,28.5,53.7,70.5,26.5,26.0,26.3
085458,28.4,53.6,70.5,26.4,26.0,26.3
085459,28.4,53.0,70.5,26.4,26.0,26.3
085500,28.4,53.1,70.5,26.4,26.0,26.3
085502,28.4,52.9,70.4,26.4,26.0,26.3
085504,28.4,52.9,70.4,26.4,26.0,26.3
085506,28.4,53.3,70.4,26.4,26.0,26.3
085508,28.4,53.3,70.4,26.4,26.0,26.3
085510,28.4,54.1,70.3,26.4,26.0,26.3
085511,28.4,54.1,70.3,26.4,26.0,26.3
085514,28.3,54.3,70.2,26.4,26.0,26.3
085515,28.3,54.3,70.2,26.4,26.0,26.3
085517,28.3,54.3,70.2,26.4,26.0,26.3
085518,28.3,54.3,70.2,26.4,26.0,26.3
085522,28.3,54.1,70.2,26.4,26.0,26.3
085523,28.3,54.0,70.2,26.4,26.0,26.3
085524,28.3,54.0,70.2,26.4,26.0,26.3
085526,28.3,54.0,70.2,26.4,26.0,26.3
085527,28.3,54.0,70.2,26.4,26.0,26.3
085529,28.4,53.8,70.3,26.5,26.0,26.3
085530,28.4,53.8,70.3,26.5,26.0,26.3
085533,28.4,53.8,70.3,26.5,26.0,230.0
085534,28.4,53.6,70.3,26.4,26.0,26.3
085535,28.4,53.6,70.3,26.4,26.0,26.3
085538,28.4,53.6,70.3,26.4,26.0,26.3
085539,28.4,53.6,70.3,26.4,26.0,26.3
085542,28.5,53.8,70.4,26.4,26.0,26.3
085543,28.5,53.8,70.4,26.4,26.0,26.3
085544,28.5,53.8,70.4,26.4,26.0,26.3
085546,28.5,53.8,70.4,26.5,26.0,26.3
085548,28.5,53.7,70.3,26.4,26.0,26.3
085550,28.5,53.7,70.3,26.4,26.0,26.3
085551,28.5,53.7,70.3,26.4,26.0,26.3
085552,28.5,53.7,70.3,26.4,26.0,26.3
085554,28.5,53.5,71.2,26.4,26.0,26.3
085556,28.5,53.5,71.2,26.4,26.0,26.3
085558,28.5,53.7,71.4,26.4,26.0,26.3
085559,28.5,53.7,71.4,26.4,26.0,26.3
085601,28.6,54.0,71.2,26.4,26.0,26.3
085603,28.6,54.0,71.2,26.4,26.0,26.3
085606,28.6,54.1,70.9,26.4,26.0,26.3
085607,28.6,54.1,70.9,26.4,26.0,26.3
085608,28.6,54.1,70.9,26.4,26.0,26.3
085610,28.6,54.1,70.9,26.4,26.0,26.3
085611,28.6,54.1,70.9,26.4,26.0,26.3
085612,28.6,54.1,70.9,26.4,26.0,26.3
085616,28.7,54.2,70.5,26.4,26.0,26.3
085619,28.7,54.2,70.5,26.4,26.0,26.3
085620,28.7,54.2,70.5,26.4,26.0,26.3
085622,28.7,54.2,70.5,26.4,26.0,26.3
085624,28.7,54.2,70.5,26.4,26.0,26.3
085626,28.7,54.2,70.5,26.4,26.0,26.3
085627,28.7,54.2,70.5,26.4,26.0,26.3
085628,28.7,54.2,70.5,26.4,26.0,26.3
085630,28.7,54.3,70.5,26.4,26.0,26.3
085631,28.7,54.3,70.5,26.4,26.0,26.3
085632,28.7,54.3,70.5,26.4,26.0,26.3
085636,28.6,54.3,70.5,26.4,26.0,26.3
085639,28.6,54.2,70.5,26.4,26.0,26.3
085640,28.6,54.1,70.5,26.4,26.0,26.3
085642,28.6,54.1,70.5,26.4,26.0,26.3
085643,28.6,54.1,70.5,26.4,26.0,26.3
085644,28.6,54.1,70.5,26.4,26.0,26.3
085647,28.6,54.1,70.5,26.4,26.0,26.3
085649,28.6,54.1,70.5,26.4,26.0,26.3
085651,28.6,54.0,70.5,26.4,26.0,26.3
085653,28.6,54.0,70.5,26.4,26.0,26.3
085654,28.6,54.0,70.5,26.4,26.0,26.3
085656,28.6,54.0,70.5,26.4,26.0,26.3
085659,28.6,54.0,70.5,26.4,26.0,26.3
085700,28.6,54.0,70.5,26.4,26.0,26.3
085702,28.6,54.0,70.4,26.4,26.0,26.2
085705,28.6,54.0,70.4,26.4,26.0,26.3
085707,28.6,54.0,70.4,26.4,26.0,26.3
085708,28.6,54.0,70.4,26.4,26.0,26.3
085709,28.6,54.0,70.4,26.4,26.0,26.3
085712,28.6,54.0,70.4,26.4,26.0,26.3
085713,28.6,54.0,70.4,26.4,26.0,26.3
085714,28.6,54.0,70.4,26.4,26.0,26.3
085716,28.6,54.0,70.4,26.4,26.0,26.3
085718,28.6,53.9,70.3,26.4,26.0,26.3
085719,28.6,53.9,70.3,26.4,26.0,26.3
085720,30.0,53.9,70.3,26.4,26.0,26.3
085721,28.6,53.9,70.3,26.4,26.0,26.3
085723,28.6,53.9,70.3,26.4,26.0,26.3
085724,28.6,53.9,70.3,26.4,26.0,26.3
085725,28.6,53.9,70.3,26.4,26.0,230.0
085726,28.6,53.9,70.3,26.4,26.0,26.3
085728,28.6,53.9,70.3,26.4,26.0,26.3
085729,28.6,53.9,70.3,26.4,26.0,26.3
085731,28.6,53.9,70.3,26.4,26.0,26.3
085732,28.6,53.9,70.3,26.4,26.0,26.3
085733,28.6,53.9,70.3,26.4,26.0,30.0
085735,28.7,53.6,70.4,26.4,26.0,26.3
085736,28.7,53.6,70.4,26.4,26.0,26.3
085738,28.7,53.8,70.4,26.4,26.0,26.3
085739,28.7,53.8,70.4,26.4,26.0,26.3
085741,28.7,53.8,70.4,26.4,26.0,26.3
085742,28.0,53.9,70.3,26.4,26.0,26.3
085747,28.7,54.0,70.3,26.4,26.0,26.3
085748,28.7,54.0,70.3,26.4,26.0,26.3
085749,28.7,54.0,70.3,26.4,0.0,26.3
085751,28.7,54.2,70.3,26.4,26.0,26.3
085752,28.7,54.2,70.3,26.4,26.0,26.3
085753,28.7,54.2,70.3,26.4,26.0,26.3
085757,28.7,54.2,70.2,26.4,26.0,26.3
085759,28.7,53.7,70.2,26.4,25.9,26.3
085801,28.7,54.2,70.2,26.4,26.0,26.3
085802,28.7,54.2,70.2,26.4,26.0,26.3
085804,28.7,54.2,70.2,26.4,26.0,26.3
085805,28.7,54.2,70.2,26.4,26.0,26.3
085808,28.7,54.2,70.3,26.4,26.0,26.3
085809,28.7,54.2,70.3,26.4,26.0,26.3
085810,28.7,54.2,70.3,26.4,26.0,26.3
085812,28.7,54.2,70.3,26.4,26.0,26.3
085814,28.7,54.2,70.3,26.4,26.0,26.3
085816,28.7,54.2,70.3,26.4,26.0,26.3
085820,28.7,54.3,70.3,26.4,26.0,26.3
085821,28.7,54.3,70.3,26.4,26.0,26.3
085822,28.7,54.3,70.3,26.4,26.0,26.3
085824,28.7,53.8,70.4,26.4,25.9,26.3
085825,28.7,53.8,70.4,26.4,25.9,26.3
085827,28.7,53.8,70.4,26.4,25.9,0.3
085828,28.7,54.3,70.3,26.4,26.0,26.3
085830,28.7,54.3,70.3,26.4,26.0,26.3
085832,28.6,54.2,70.3,26.4,26.0,26.3
085833,28.6,54.2,70.3,26.4,26.0,26.3
085835,28.6,54.2,700.0,26.4,25.9,26.3
085836,28.6,53.9,70.3,26.4,25.9,26.3
085837,28.6,53.9,70.3,26.4,25.9,26.3
085839,28.6,54.3,70.3,26.4,26.0,26.3
085841,28.6,54.3,70.3,26.4,26.0,26.3
085843,28.6,54.3,70.3,26.4,26.0,26.3
085844,28.6,54.3,70.3,26.4,26.0,26.3
085847,28.6,54.5,70.3,26.4,26.0,26.3
085848,28.6,54.5,70.3,26.4,26.0,26.3
085851,28.6,54.4,70.3,26.4,25.9,26.3
085852,28.6,54.4,70.3,26.4,25.9,26.3
085853,28.6,54.4,70.3,26.4,25.9,26.3
085856,28.6,54.5,70.4,26.4,25.9,26.3
085858,28.6,54.4,70.4,26.4,25.9,26.3
085859,28.6,54.4,70.4,26.4,25.9,26.3
085901,28.6,54.1,70.4,26.4,25.9,26.3
085902,28.6,54.1,70.4,26.4,25.9,26.3
085904,28.6,54.1,70.4,26.4,25.9,26.3
085906,28.6,54.3,70.5,26.4,26.0,26.3
085908,28.6,53.8,70.5,26.4,25.9,26.3
085909,28.6,54.3,70.5,26.4,26.0,26.3
085911,28.7,53.9,70.5,26.4,25.9,26.3
085913,28.7,53.9,70.5,26.4,25.9,26.3
085916,28.7,53.9,70.5,26.3,25.9,26.3
085920,28.7,53.9,70.4,26.3,25.9,26.3
085922,28.7,53.9,70.4,26.3,25.9,26.3
085923,28.7,53.9,70.4,26.3,25.9,26.3
085926,28.7,53.8,70.5,26.4,25.9,26.3
085928,28.7,53.8,70.5,26.4,25.9,26.3
085929,28.7,53.8,70.5,26.4,25.9,26.3
085930,28.7,53.8,70.5,26.4,25.9,26.3
085933,28.7,53.7,70.4,26.4,25.9,26.3
085934,28.7,53.7,70.4,26.4,25.9,26.3
085936,28.7,53.7,70.5,26.4,25.9,26.3
085938,28.7,54.1,70.4,26.4,26.0,26.3
085940,28.7,54.1,70.4,26.4,26.0,26.3
085941,28.7,54.1,70.4,26.4,26.0,26.3
085942,28.7,54.1,70.4,26.4,26.0,26.3
085947,28.8,54.4,70.4,26.3,26.0,26.3
085948,28.8,54.4,70.4,26.3,26.0,26.3
085950,28.8,54.4,70.4,26.3,26.0,26.3
085951,28.8,54.4,70.4,26.3,26.0,26.3
085952,28.8,54.4,70.4,26.3,26.0,26.3
085954,28.8,55.0,70.4,26.3,26.0,26.3
085956,28.8,55.0,70.4,26.3,26.0,26.3
085957,28.8,55.0,70.4,26.3,26.0,0.3
085958,28.8,54.4,70.5,26.3,25.9,26.3
090001,28.9,54.3,70.5,26.3,25.9,26.3
090004,28.9,54.3,70.5,26.3,25.9,26.3
090005,28.9,530.0,70.6,26.3,25.9,26.3
090007,28.9,54.3,70.6,26.3,25.9,26.3
090008,28.9,54.3,70.6,26.3,25.9,26.3
090010,28.9,54.2,70.6,26.4,25.9,26.3
090011,28.9,54.2,70.6,26.4,25.9,26.3
090013,28.9,54.1,70.5,26.4,25.9,26.3
090015,28.9,54.1,70.5,26.4,25.9,26.3
090016,28.9,54.1,70.5,26.4,25.9,26.3
090017,28.9,54.1,70.5,26.4,25.9,26.3
090019,28.9,54.1,70.5,26.4,25.9,26.3
090020,28.9,54.1,70.5,26.4,25.9,26.3
090022,28.9,54.1,70.5,26.4,25.9,26.3
090023,28.9,54.1,0.5,26.4,25.9,26.3
090025,28.9,53.9,70.5,26.4,25.9,26.3
090027,28.9,53.8,70.5,26.4,25.9,26.3
090028,28.9,53.8,70.5,26.4,25.9,26.3
090030,28.9,53.9,70.5,26.4,25.9,26.3
090031,28.9,53.9,70.5,26.4,25.9,26.3
090033,28.9,53.9,70.5,26.4,25.9,26.3
090035,28.9,54.4,70.5,26.4,26.0,26.3
090037,28.9,54.6,70.5,26.4,26.0,26.3
090038,28.9,54.6,70.5,26.4,26.0,26.3
090040,28.9,54.1,70.5,26.3,25.9,26.3
090043,28.9,54.2,70.5,26.4,25.9,26.3
090045,28.9,54.2,70.5,26.4,25.9,26.3
090046,28.9,54.1,70.5,26.3,25.9,26.3
090048,28.9,54.1,70.5,26.3,25.9,26.3
090050,29.0,54.4,70.5,26.4,26.0,26.3
090054,29.0,53.9,70.5,26.4,25.9,26.3
090055,29.0,53.9,70.5,26.4,25.9,26.3
090057,29.0,53.7,70.5,26.3,25.9,26.3
090059,29.0,53.7,70.5,26.3,25.9,26.3
090100,29.0,53.7,70.5,26.3,25.9,26.3
090102,29.1,53.8,70.5,26.4,25.9,26.3
090103,29.1,53.8,70.5,26.4,25.9,26.3
090105,29.1,53.8,700.0,26.3,25.9,26.3
090106,29.1,53.8,70.5,26.3,25.9,26.3
090107,29.1,53.8,70.5,26.3,25.9,26.3
090108,29.1,53.8,70.5,26.3,200.0,26.3
090110,29.1,53.8,70.5,26.3,25.9,26.3
090111,29.1,53.8,70.5,26.3,25.9,26.3
090112,29.1,53.8,70.5,26.3,25.9,26.3
090114,29.1,53.8,750.0,26.4,25.9,26.3
090115,29.1,53.9,70.5,26.4,25.9,26.3
090117,29.1,53.9,70.5,26.4,25.9,26.3
090122,29.2,54.1,70.5,26.3,25.9,26.3
090123,29.2,54.1,70.5,26.3,25.9,26.3
090124,29.2,54.2,70.5,26.3,25.9,26.3
090125,29.2,54.2,70.5,26.3,25.9,26.3
090127,29.2,54.2,70.5,26.3,25.9,26.3
090129,29.2,54.3,70.5,26.4,25.9,26.3
090130,29.2,54.3,70.5,26.4,25.9,26.3
090133,29.2,54.3,70.5,26.4,25.9,26.3
090134,29.2,54.3,70.5,26.4,25.9,26.3
090135,29.2,54.3,70.5,26.4,25.9,26.3
090138,29.2,54.9,70.5,26.3,26.0,26.3
090139,29.2,54.9,70.5,26.3,26.0,26.3
090142,29.2,54.4,70.5,26.3,25.9,26.3
090144,29.2,54.4,70.5,26.3,25.9,26.3
090145,29.2,54.4,70.5,26.3,25.9,26.3
090147,29.1,54.6,70.6,26.3,25.9,26.3
090148,29.1,54.6,70.6,26.3,25.9,26.3
090149,29.1,54.6,70.6,26.3,25.9,26.3
090152,29.0,54.9,70.6,26.3,25.9,26.3
090153,29.0,54.9,70.6,26.3,25.9,26.3
090154,29.0,54.9,70.6,26.3,25.9,26.3
090156,29.0,54.9,70.6,26.3,25.9,26.3
090158,29.0,54.9,70.6,26.3,25.9,26.3
090159,29.0,54.9,70.6,26.3,25.9,26.3
090200,29.0,54.9,70.6,26.3,25.9,26.3
090202,29.0,54.7,70.7,26.3,25.9,26.3
090204,29.0,54.7,70.7,26.3,25.9,26.3
090206,29.0,54.6,70.7,26.3,25.9,26.3
090207,29.0,54.6,70.7,26.3,25.9,26.3
090209,29.1,54.6,70.7,26.3,25.9,26.3
090211,29.1,54.6,70.7,26.3,25.9,26.3
090213,29.1,54.6,70.8,26.3,25.9,26.3
090215,29.1,54.6,70.8,26.3,25.9,26.3
090217,29.2,54.6,70.8,26.3,25.9,26.3
090218,29.2,54.6,70.8,26.3,25.9,26.3
090220,29.2,54.5,70.8,26.3,25.9,26.3
090221,29.2,54.5,70.8,26.3,25.9,26.3
090223,29.2,54.5,70.8,26.3,25.9,26.3
090227,29.2,54.2,70.9,26.3,25.9,26.3
090229,29.2,54.3,70.9,26.3,25.9,26.3
090231,29.2,54.3,70.9,26.3,25.9,26.3
090233,29.2,54.3,70.9,26.3,25.9,26.3
090234,29.2,54.3,70.9,26.3,25.9,26.3
090236,29.2,54.5,70.8,26.3,25.9,26.3
090237,29.2,54.5,70.8,26.3,25.9,26.3
090238,2990.0,54.6,70.9,26.3,25.9,26.3
090240,29.1,54.6,70.9,26.3,25.9,26.3
090241,29.1,54.6,70.9,26.3,25.9,26.3
090242,29.1,54.6,70.9,26.3,25.9,26.3
090244,29.1,54.6,70.9,26.3,25.9,26.3
090245,29.1,54.6,70.9,26.3,25.9,26.3
090246,29.1,54.6,70.0,0.3,25.9,26.3
090248,29.2,55.2,70.9,26.3,25.9,26.3
090249,29.2,55.2,70.9,26.3,25.9,26.3
090252,29.2,55.1,70.9,26.3,25.9,26.3
090253,29.2,55.1,70.9,26.3,25.9,26.3
090254,29.2,55.1,70.9,26.3,25.9,26.3
090256,29.2,55.1,70.9,26.3,25.9,26.3
090258,29.2,55.1,70.9,26.3,25.9,26.3
090300,29.3,55.1,71.0,26.3,25.9,26.3
090303,29.3,55.0,71.1,26.3,25.9,26.3
090304,29.3,55.0,71.1,26.3,25.9,26.3
090306,29.3,55.0,71.1,26.3,25.9,26.3
090307,29.3,55.0,71.1,26.3,25.9,26.3
090310,29.4,54.9,71.1,26.3,25.9,26.3
090311,29.4,54.9,71.1,26.3,25.9,26.3
090312,29.4,54.9,71.1,26.3,25.9,26.3
090314,29.4,54.9,71.2,26.3,25.9,26.3
090315,29.4,54.9,71.2,26.3,25.9,26.3
090319,29.5,55.0,71.2,26.3,25.9,26.3
090324,29.5,55.1,71.3,26.3,25.9,26.3
090325,29.5,55.1,720.0,26.3,25.9,26.3
090327,29.5,55.1,71.2,26.3,25.9,26.3
090328,29.5,55.1,71.2,26.3,25.9,26.3
090331,29.5,55.1,71.2,26.3,25.9,26.3
090333,29.5,55.1,71.3,26.3,25.9,26.3
090334,29.5,55.1,71.3,26.3,25.9,26.3
090335,29.5,55.1,71.3,26.3,25.9,26.3
090337,29.5,55.2,71.2,26.3,25.9,26.3
090338,29.5,55.2,71.2,26.3,25.9,26.3
090340,29.4,55.2,71.2,26.3,25.9,26.3
090342,29.4,55.2,71.2,26.3,25.9,26.3
090343,29.4,55.2,71.2,26.3,25.9,26.3
090345,29.4,55.2,71.2,26.3,25.9,26.3
090347,29.4,0.2,71.2,26.3,25.9,26.3
090349,29.4,55.2,71.2,26.3,25.9,26.3
090350,29.4,55.2,71.2,26.3,25.9,26.3
090354,29.4,54.9,71.3,26.3,25.9,26.3
090355,29.4,54.9,71.3,26.3,25.9,26.3
090358,29.4,54.9,71.3,26.3,25.9,26.3
090359,29.4,54.9,71.3,26.3,25.9,26.3
090401,29.5,55.0,71.3,26.3,25.9,26.3
090402,29.5,55.0,71.3,26.3,25.9,26.3
090405,29.5,54.9,71.3,26.3,25.9,26.3
090407,29.5,0.6,71.3,26.3,25.9,26.3
090408,29.5,54.6,71.3,26.3,25.9,26.3
090410,0.6,54.7,71.3,26.3,25.9,26.3
090411,29.6,54.7,71.3,26.3,25.9,26.3
090413,29.6,54.8,71.3,26.3,25.9,26.3
090415,29.6,54.8,71.3,26.3,25.9,26.3
090418,29.6,54.9,71.2,26.3,25.9,26.3
090419,29.6,54.9,71.2,26.3,25.9,26.3
090420,29.6,54.9,71.2,26.3,25.9,26.3
090422,29.6,54.9,71.2,26.3,25.9,26.3
090424,29.6,55.1,71.3,26.3,25.9,26.3
090425,29.6,55.1,71.3,26.3,25.9,26.3
090426,29.6,55.1,71.3,26.3,25.9,26.3
090428,29.6,55.3,71.3,26.3,25.9,26.3
090434,29.6,55.3,71.3,26.3,25.9,26.3
090437,29.7,55.2,71.3,26.3,25.9,26.3
090439,29.7,55.2,71.3,26.3,25.9,26.3
090440,29.7,55.2,71.3,26.3,25.9,26.3
090442,29.7,55.0,71.3,26.3,25.9,26.3
090443,29.7,55.0,71.3,26.3,25.9,26.3
090444,29.7,55.0,71.3,26.3,25.9,26.3
090446,29.7,55.0,71.3,26.0,25.9,26.3
090447,29.7,55.0,71.3,26.3,25.9,26.3
090448,29.7,55.0,71.3,26.3,25.9,26.3
090450,29.7,55.1,71.3,26.3,25.9,26.3
090451,29.7,55.1,71.3,26.3,25.9,26.3
090453,29.7,55.1,71.3,26.3,25.9,26.3
090455,29.7,55.2,71.4,26.3,25.9,26.3
090456,29.8,55.3,71.4,26.3,25.9,26.3
090458,29.7,55.2,71.4,26.3,25.9,26.3
090500,29.8,55.2,71.4,26.3,25.9,26.3
090502,29.8,55.2,71.4,26.3,25.9,26.3
090504,29.8,55.2,71.4,26.3,25.9,26.3
090505,29.8,55.2,71.4,26.3,25.9,26.3
090507,29.8,55.2,71.4,26.3,25.9,26.3
090509,29.8,55.4,71.4,26.3,25.9,26.3
090510,29.8,55.4,71.4,26.3,25.9,26.3
090513,29.7,55.5,71.4,26.3,25.9,26.3
090516,29.7,55.6,71.5,26.3,25.9,26.3
090517,29.7,55.6,71.5,26.3,25.9,26.3
090519,29.7,55.6,71.4,26.3,25.9,26.3
090521,29.7,55.6,71.4,26.3,25.9,26.3
090523,29.7,55.6,71.4,26.3,25.9,26.3
090528,29.7,55.5,71.5,26.3,25.9,26.3
090529,29.7,55.5,71.5,26.3,25.9,26.3
090531,29.7,55.4,71.5,26.3,25.9,26.3
090533,29.7,55.0,71.5,26.3,25.9,26.3
090535,29.7,54.9,71.5,26.3,25.9,26.3
090538,29.8,55.0,71.5,26.3,25.9,26.3
090539,29.8,55.0,71.5,26.3,25.9,26.3
090541,29.9,55.1,71.5,26.2,25.9,26.3
090543,29.9,55.1,71.5,26.2,25.9,26.3
090544,29.9,55.1,71.5,26.2,25.9,26.0
090545,30.0,55.2,71.5,26.2,25.8,26.3
090549,30.0,55.3,71.4,26.3,25.9,26.2
090550,30.0,55.3,71.4,26.3,25.9,26.2
090552,30.0,55.5,71.4,26.3,25.8,26.3
090553,30.0,55.5,71.4,26.3,25.8,26.3
090554,30.0,55.5,71.4,26.3,25.8,26.3
090556,29.9,55.6,71.3,26.3,25.9,26.3
090558,29.9,55.6,71.3,26.3,25.9,26.3
090600,29.9,55.6,71.3,26.3,25.9,26.3
090601,29.9,55.6,71.3,26.3,25.9,26.3
090603,29.9,55.7,71.4,26.3,25.9,26.3
090604,29.9,55.7,71.4,26.3,25.9,26.3
090605,29.9,55.7,71.4,26.3,25.9,26.3
090607,29.8,55.8,71.4,26.2,25.9,26.3
090610,29.8,55.8,71.4,26.2,25.9,26.3
090611,29.8,55.8,71.4,26.2,25.9,26.3
090612,29.8,55.8,71.4,26.2,25.9,26.3
090614,29.8,55.7,71.4,26.3,25.9,26.3
090615,29.8,55.7,71.4,26.3,25.9,26.3
090617,29.8,55.7,71.4,26.3,25.9,26.3
090620,29.8,55.5,72.1,26.3,25.8,26.3
090622,29.8,55.5,72.1,26.3,25.8,26.3
090623,29.8,550.0,72.5,26.3,25.9,26.3
090624,29.8,55.5,72.5,26.3,25.9,26.3
090626,29.9,55.6,72.6,26.3,25.8,26.3
090628,29.9,55.6,72.6,26.3,25.9,26.3
090629,29.9,55.6,72.6,26.3,25.8,26.3
090631,29.9,55.7,72.6,26.3,25.9,26.3
090632,29.9,55.7,72.6,26.3,25.9,26.3
090634,29.9,55.7,72.6,26.3,25.9,26.3
090636,29.9,55.7,72.3,26.3,25.9,26.3
090638,29.9,55.7,72.1,26.3,25.9,26.3
090640,29.9,55.7,72.1,26.3,25.8,26.3
090642,29.9,55.7,72.1,26.3,25.8,26.3
090643,29.9,55.7,72.1,26.3,25.8,26.3
090645,29.9,55.7,72.0,26.3,25.8,26.3
090646,29.9,55.7,72.0,26.3,25.8,26.3
090647,29.9,55.7,72.0,26.3,25.8,26.3
090650,30.0,55.8,71.9,26.3,25.9,26.3
090652,30.0,55.8,71.9,26.3,25.9,26.3
090655,30.0,55.9,71.9,26.2,25.8,26.3
090657,30.0,55.9,71.9,26.3,25.9,26.3
090701,30.0,55.9,71.9,26.2,25.8,26.3
090703,30.0,55.9,71.9,26.3,25.9,26.3
090705,29.9,55.9,71.9,26.3,25.9,26.3
090706,29.9,55.9,71.9,26.3,25.9,26.3
090708,29.9,55.9,71.9,26.3,25.9,26.3
090711,30.0,55.9,72.0,26.3,25.8,26.3
090712,30.0,55.9,72.0,26.3,25.8,26.3
090713,30.0,55.9,72.0,26.3,25.8,26.3
090715,30.0,55.9,72.0,26.3,25.8,26.3
090718,30.0,55.9,72.0,26.2,25.9,26.3
090721,30.0,55.9,72.0,26.2,25.9,26.3
090723,30.0,55.9,72.0,26.2,25.9,26.3
090724,30.0,55.9,72.0,26.2,25.9,26.3
090725,30.0,55.9,72.0,26.2,25.9,26.3
090727,30.0,56.2,72.0,26.3,25.8,26.3
090729,30.0,56.2,72.0,26.3,25.8,26.3
090730,30.0,56.2,72.0,26.3,25.8,26.3
090732,30.0,56.2,72.0,26.2,25.8,26.3
090734,30.0,56.2,72.0,26.2,25.8,26.3
090735,30.0,56.2,72.0,26.2,25.8,26.3
090736,30.0,56.2,72.0,26.2,25.8,26.3
090738,30.0,56.1,72.1,26.2,25.9,26.3
090742,30.0,56.1,72.1,26.2,25.8,26.3
090743,30.0,56.1,72.1,26.2,25.8,26.3
090746,30.0,56.0,72.1,26.2,25.9,26.3
090747,30.0,56.0,72.1,26.2,25.9,26.3
090748,30.0,56.0,72.1,26.2,25.9,26.3
090750,30.0,56.0,72.1,26.2,25.9,26.3
090752,30.0,56.0,72.1,26.2,25.9,26.3
090753,0.0,56.1,72.1,26.2,25.9,26.2
090754,30.0,56.1,72.1,26.2,25.9,26.2
090756,30.0,56.1,72.1,26.2,25.9,26.3
090758,30.0,56.1,72.1,26.2,25.9,26.3
090759,30.0,56.1,72.1,26.2,25.9,2